ODF25 Comdty,ODF27 Comdty,GOOG Equity,GOOGL Equity,PETR4 Equity
12.09,,26.169,26.478,9.36
12.13,,25.623,25.973,8.61
12.01,,25.029,25.332,8.33
12.12,,24.986,25.258,8.67
12.14,,25.065,25.346,9.18
11.96,,24.741,25.036,9.4
12.09,,24.56,24.853,8.91
12.02,,24.741,25.09,9.0
12.02,,24.975,25.297,8.74
11.97,,25.021,25.2,9.34
11.85,,25.334,25.523,9.44
11.95,,,,9.19
11.71,,25.276,25.497,9.32
11.67,,25.831,26.02,9.82
11.71,,26.646,26.865,10.25
11.52,,26.924,27.098,10.0
11.58,,26.687,26.836,9.91
11.58,,25.86,26.06,10.17
11.64,,25.43,25.621,9.03
11.66,,25.463,25.662,8.75
11.78,,26.653,26.877,8.18
11.99,,26.352,26.61,8.66
11.92,,26.39,26.665,10.0
12.02,,26.066,26.305,10.02
12.13,,26.307,26.492,9.8
12.3,,26.477,26.694,9.12
12.43,,26.319,26.464,9.28
12.49,,26.773,27.008,8.92
12.65,,26.725,26.9,9.03
12.41,,27.072,27.301,9.5
12.47,,27.375,27.558,9.99
,,27.068,27.251,
12.6,,26.911,27.133,10.12
12.66,,27.069,27.323,9.75
12.78,,26.874,27.09,9.67
12.62,,26.523,26.75,9.49
12.48,,26.731,26.932,9.86
12.54,,27.119,27.367,9.38
12.48,,27.698,27.964,9.27
12.17,,27.844,28.132,9.57
12.39,12.39,28.489,28.751,9.4
12.4,12.4,28.603,28.94,9.6
12.53,,28.59,28.917,9.21
12.68,12.68,28.688,29.072,9.28
12.82,12.82,28.307,28.645,9.24
13.18,,28.365,28.705,8.91
13.02,,27.675,27.993,8.55
13.06,,27.484,27.785,8.79
13.28,,27.699,28.059,8.5
13.29,,27.291,27.65,8.3
13.26,,27.65,28.082,8.46
13.0,,27.467,27.881,8.89
12.84,,27.898,28.308,9.27
13.16,,27.823,28.184,8.9
13.07,,27.941,28.248,9.35
12.97,,27.864,28.269,9.35
12.97,,28.431,28.877,9.39
12.97,,27.863,28.35,9.84
13.04,,27.682,28.182,9.35
13.11,,27.342,27.877,9.38
13.04,,27.526,28.057,9.72
12.93,,27.325,27.735,9.73
12.74,,27.054,27.475,10.21
12.74,,26.703,27.065,10.72
12.71,,26.765,27.198,10.69
12.67,,26.777,27.243,10.89
12.49,,27.006,27.442,10.6
12.57,,26.965,27.401,11.56
12.45,,26.927,27.427,11.82
12.54,,26.885,27.432,12.27
12.4,,26.447,26.989,12.49
12.4,,26.554,27.052,13.33
12.48,,26.617,27.176,12.93
12.5,,26.131,26.637,13.01
12.54,,26.696,27.226,13.09
,,26.625,27.146,
12.5,,26.894,27.459,13.12
12.5,,27.275,27.873,12.92
12.56,,28.176,28.683,13.26
12.53,,27.769,28.306,12.58
12.56,,27.684,28.219,12.78
12.56,,27.454,28.069,12.82
12.69,,26.867,27.438,13.05
,,26.895,27.558,
12.8,,27.039,27.642,13.8
12.82,,26.54,27.152,14.38
12.86,,26.211,26.754,13.64
12.81,,26.535,27.102,13.7
12.61,,26.911,27.448,13.52
12.71,,26.785,27.289,13.72
12.72,,26.452,26.937,13.79
12.67,,26.481,26.975,13.97
12.52,,26.92,27.46,13.89
12.4,,26.693,27.325,14.06
12.52,,26.615,27.333,13.78
12.5,,26.868,27.464,12.91
12.37,,26.964,27.626,12.89
12.33,,27.126,27.841,13.45
12.14,,27.006,27.726,13.08
12.25,,,,12.8
12.31,,26.616,27.36,12.39
12.38,,26.99,27.713,12.55
12.21,,26.989,27.709,12.67
12.22,,26.606,27.266,12.33
12.28,,26.7,27.461,12.37
12.36,,26.959,27.698,12.84
12.43,,27.015,27.765,12.83
,,26.835,27.585,
12.52,,26.667,27.476,12.56
12.43,,26.342,27.174,12.57
12.42,,26.335,27.108,12.97
12.65,,26.835,27.63,13.05
12.68,,26.731,27.502,13.05
12.59,,26.617,27.374,13.02
12.76,,26.36,27.15,12.99
12.71,,26.408,27.244,13.35
12.65,,26.463,27.33,13.19
12.56,,26.837,27.809,13.44
12.6,,26.835,27.876,13.17
12.51,,26.91,27.984,13.2
12.52,,27.024,28.17,12.97
12.53,,26.892,27.929,13.2
12.69,,26.762,27.898,12.6
12.55,,26.585,27.653,13.21
12.62,,26.076,27.063,12.75
12.58,,26.026,27.002,12.71
12.63,,26.092,27.165,12.18
12.48,,26.17,27.367,12.3
12.49,,,,11.73
12.59,,26.143,27.281,11.48
12.57,,26.251,27.502,11.78
12.62,,25.842,27.085,11.55
,,26.034,27.232,
12.58,,26.507,27.806,11.79
12.57,,27.327,28.587,11.82
12.56,,28.055,29.209,12.0
12.51,,28.011,29.198,11.8
12.58,,28.993,30.089,11.92
12.58,,33.646,34.981,11.4
12.51,,33.151,34.642,10.79
12.33,,33.115,34.768,10.77
12.45,,33.105,34.755,10.36
13.03,,32.214,33.737,10.17
13.07,,31.178,32.739,10.04
13.04,,31.363,32.914,9.51
13.06,,31.4,32.983,9.97
13.13,,31.597,33.072,10.72
12.98,,31.63,33.228,10.47
12.95,,31.281,32.875,10.5
13.15,,31.561,33.236,10.02
13.15,,31.463,33.064,10.18
13.32,,32.189,33.665,10.01
13.72,,32.134,33.508,10.32
13.8,,31.765,33.22,9.69
13.68,,31.687,33.157,9.95
13.65,,33.039,34.515,9.83
13.44,,32.978,34.574,9.88
13.48,,32.823,34.326,9.51
13.51,,32.856,34.469,9.3
13.63,,33.044,34.706,9.12
13.63,,32.807,34.437,9.0
13.68,,33.045,34.702,8.79
13.75,,32.342,33.974,8.73
13.89,,30.624,32.201,8.3
14.1,,29.481,30.906,7.76
14.1,,29.103,30.624,7.9
13.92,,31.431,32.987,8.11
13.88,,31.881,33.398,8.89
13.82,,31.519,32.985,9.0
14.22,,30.913,32.391,9.19
14.49,,29.89,31.478,8.59
14.72,,30.717,32.246,8.82
14.7,,30.313,31.853,8.76
15.07,,30.035,31.448,8.51
14.87,,30.733,32.194,8.64
14.85,,30.636,32.17,8.39
15.21,,31.068,32.554,7.97
15.15,,31.289,32.765,7.66
15.04,,31.162,32.624,7.72
15.01,,31.757,33.254,7.65
15.05,,31.799,33.276,8.14
15.26,,32.145,33.584,7.86
15.78,,31.463,33.046,7.6
15.82,,31.772,33.349,7.3
16.15,,31.135,32.66,6.97
16.75,,31.118,32.664,6.82
15.95,,31.29,32.746,6.96
15.74,,30.599,32.008,6.82
16.36,,29.745,31.213,6.44
16.09,,29.749,31.131,6.59
15.57,,30.421,31.919,7.24
15.62,,30.565,32.1,7.02
15.23,,31.345,32.85,7.77
15.29,,32.074,33.584,7.82
15.25,,32.272,33.582,8.19
15.55,,32.118,33.5,8.47
15.37,,31.958,33.35,8.75
15.66,,32.181,33.562,8.8
,,32.334,33.822,
15.94,,32.615,34.159,8.13
15.95,,32.558,34.021,7.96
15.75,,33.087,34.651,8.0
15.8,,33.11,34.766,7.95
15.84,,33.305,34.998,7.95
15.81,,32.514,34.0,8.05
15.83,,32.13,33.59,7.75
15.86,,32.59,34.057,8.02
15.99,,35.1,35.967,7.99
15.95,,35.639,36.556,7.85
15.77,,35.425,36.641,7.6
15.89,,35.648,36.846,7.7
15.97,,35.846,37.243,7.61
15.99,,35.54,36.87,7.71
,,36.056,37.387,
15.78,,36.108,37.441,8.48
15.59,,36.406,37.765,8.08
15.61,,36.563,38.034,8.11
15.67,,36.688,38.08,7.82
15.75,,36.245,37.739,7.64
15.74,,36.416,37.913,7.61
15.6,,36.77,38.263,7.72
15.55,,36.562,37.826,7.58
15.59,,35.85,37.004,7.27
15.56,,36.448,37.521,7.7
15.58,,36.265,37.299,7.76
15.49,,37.0,38.001,7.82
15.26,,36.921,37.997,7.84
,,37.83,38.85,
15.22,,37.799,38.835,8.08
15.24,,37.414,38.482,8.5
15.51,,37.408,38.463,7.9
15.59,,,,7.92
15.86,,37.513,38.599,7.6
15.9,,37.13,38.143,7.67
15.75,,38.352,39.189,7.49
15.65,,38.119,38.893,7.52
15.69,,37.627,38.41,7.98
15.63,,38.341,38.961,7.52
15.75,,38.163,38.65,7.19
15.7,,38.119,38.757,7.13
15.61,,37.581,38.128,7.65
15.78,,37.473,38.002,7.45
15.92,,36.944,37.521,7.25
15.97,,37.389,38.127,7.21
15.98,,37.17,38.005,7.42
16.16,,37.905,38.83,7.29
15.98,,37.472,38.492,7.2
16.19,,36.966,37.843,7.02
16.43,,37.389,38.04,6.64
16.45,,37.5,38.357,6.79
16.37,,37.515,38.426,6.93
,,37.42,38.292,
16.45,16.43,38.126,39.112,6.7
16.47,16.45,38.83,39.698,6.69
16.57,16.55,38.55,39.515,6.7
,,37.944,38.901,
16.47,16.45,37.092,37.972,6.87
16.12,16.1,37.129,38.076,6.68
16.01,15.99,37.181,37.967,6.4
16.2,16.18,36.32,37.05,6.26
16.28,16.26,35.724,36.546,6.27
16.28,16.33,35.802,36.654,6.09
16.28,16.31,36.304,37.267,5.53
16.28,16.32,35.028,35.979,5.27
16.4,16.43,35.736,36.57,5.69
16.49,16.52,34.723,35.525,5.17
16.41,16.44,,,4.8
16.65,16.7,35.09,35.954,4.66
16.78,16.82,34.923,35.928,4.43
16.83,16.93,35.33,36.334,4.5
16.87,17.0,36.263,37.273,4.41
,,35.584,36.681,
16.63,16.77,35.652,36.689,4.2
16.74,16.93,35.0,35.879,4.57
16.5,16.7,36.548,37.415,4.6
16.25,16.45,37.148,38.068,4.84
15.97,16.2,37.6,38.539,4.72
16.18,16.41,38.233,39.046,4.3
16.07,16.28,36.348,37.469,4.49
16.28,16.5,35.401,36.502,4.73
16.25,16.5,34.179,35.188,4.54
,,34.137,35.208,
,,33.906,35.051,
16.22,16.48,34.206,35.343,4.31
16.37,16.6,34.156,35.318,4.23
16.33,16.57,34.12,35.345,4.45
16.27,16.48,,,4.52
16.37,16.62,34.55,35.882,4.44
16.19,16.42,35.42,36.599,4.68
16.2,16.44,34.868,35.876,4.59
16.05,16.28,35.046,36.106,4.46
15.79,16.0,35.323,36.453,5.04
15.99,16.23,34.793,35.865,4.92
15.97,16.2,34.978,36.045,4.87
16.14,16.39,35.288,36.456,4.89
16.19,16.42,35.254,36.243,4.87
16.13,16.36,34.889,35.861,5.14
15.93,16.15,35.941,37.109,5.31
15.79,15.99,35.943,36.974,5.65
15.48,15.68,35.621,36.58,6.57
14.98,15.15,35.545,36.511,7.22
15.22,15.4,34.758,35.64,7.37
15.05,15.25,34.699,35.677,7.47
14.79,15.0,35.262,36.271,7.6
14.65,14.79,35.641,36.609,7.95
14.56,14.65,36.341,37.244,8.09
14.55,14.69,36.525,37.512,7.4
14.95,15.08,36.417,37.529,6.61
14.93,15.03,36.805,37.868,7.23
14.35,14.43,36.889,37.924,8.1
14.33,14.45,36.88,37.771,8.12
14.18,14.31,37.105,38.108,8.06
13.95,14.1,37.038,38.003,8.11
14.26,14.37,36.903,37.878,7.78
14.42,14.54,36.765,37.742,7.81
14.11,14.24,36.677,37.664,8.44
13.84,13.95,37.239,38.295,8.49
13.93,14.0,37.527,38.417,8.44
14.19,14.25,37.248,38.145,8.35
14.01,14.04,37.496,38.484,8.36
14.28,14.37,37.265,38.256,7.58
14.27,14.37,36.89,37.929,7.83
14.45,14.52,37.285,38.404,7.58
14.43,14.5,37.014,38.006,7.7
14.08,14.15,36.957,37.974,8.26
13.86,13.93,36.805,37.877,8.39
13.72,13.75,37.155,38.216,9.03
13.34,13.36,37.586,38.596,9.51
13.27,13.29,37.66,38.77,9.16
13.24,13.24,37.95,39.0,9.69
13.13,13.16,38.331,39.384,9.24
13.16,13.2,37.697,38.813,9.62
13.15,13.19,37.634,38.746,9.48
,,37.957,39.0,
13.17,13.215,35.939,36.889,9.75
13.0,13.04,36.158,37.111,9.33
12.98,13.02,35.407,36.269,9.67
12.78,12.82,35.292,36.073,10.25
12.94,12.98,34.551,35.253,10.23
12.62,12.66,34.651,35.394,10.23
12.61,12.64,34.911,35.721,10.17
12.68,12.68,34.618,35.422,9.78
12.85,12.88,34.785,35.569,9.92
12.74,12.76,35.072,35.736,9.81
12.8,12.82,35.556,36.259,10.08
12.93,12.95,35.645,36.457,9.48
12.65,12.67,36.159,36.969,10.21
12.48,12.5,35.765,36.527,10.25
12.35,12.36,35.665,36.404,9.79
12.37,12.41,35.542,36.242,9.46
12.46,12.51,35.825,36.515,9.75
12.6,12.64,35.312,36.01,9.5
12.91,12.95,35.332,36.089,9.32
12.78,12.83,35.016,35.765,8.96
12.61,12.64,35.487,36.086,8.9
12.9,12.98,35.212,35.863,8.5
12.87,12.94,36.005,36.652,8.53
12.99,13.03,36.264,36.905,8.67
,,36.206,36.847,
13.18,13.21,36.633,37.38,8.23
13.02,13.05,,,8.38
13.12,13.17,36.786,37.443,8.04
13.09,13.13,36.707,37.423,8.18
12.93,12.99,36.52,37.213,8.4
12.71,12.76,36.117,36.793,8.57
12.58,12.63,35.828,36.503,8.46
12.65,12.7,35.832,36.555,8.62
12.58,12.63,36.414,37.146,9.39
12.61,12.65,36.429,37.126,9.18
12.84,12.87,35.971,36.66,8.78
12.89,12.94,35.918,36.594,8.62
12.95,13.01,35.914,36.663,8.3
13.01,13.08,35.946,36.61,8.51
13.05,13.13,35.518,36.213,8.5
12.97,13.03,34.586,35.213,8.95
12.92,12.99,34.686,35.307,9.18
12.79,12.87,34.797,35.444,9.53
12.79,12.85,34.873,35.524,9.34
12.67,12.73,35.094,35.744,9.67
12.72,12.77,33.761,34.26,9.25
12.54,12.61,33.413,34.057,8.78
12.3,12.38,34.002,34.563,9.2
12.39,12.49,34.206,34.76,9.5
12.31,12.39,34.605,35.177,9.42
12.41,12.49,34.961,35.513,9.82
12.3,12.38,,,9.87
12.43,12.51,34.725,35.245,9.29
12.49,12.57,34.889,35.449,9.5
12.44,12.52,34.768,35.363,9.56
12.22,12.31,35.282,35.889,9.84
12.19,12.27,35.755,36.36,10.36
12.28,12.37,36.032,36.626,10.65
12.19,12.28,35.849,36.474,10.63
12.14,12.23,36.048,36.79,10.93
12.08,12.17,35.993,36.782,11.02
12.07,12.14,36.689,37.66,11.55
12.12,12.19,36.848,37.671,11.78
12.0,12.05,37.06,37.854,11.82
12.06,12.1,36.932,37.721,11.85
12.14,12.22,37.137,37.964,11.94
12.18,12.24,36.989,37.876,12.03
12.12,12.2,36.921,37.883,11.88
12.12,12.18,37.088,38.099,11.51
12.11,12.16,37.296,38.292,11.44
12.04,12.09,38.439,39.567,11.87
11.99,12.04,38.644,40.047,11.25
12.13,12.18,38.554,40.006,11.36
12.15,12.21,38.659,39.946,11.9
12.05,12.12,38.581,39.863,12.01
11.98,12.05,39.111,40.347,11.65
12.07,12.14,39.088,40.262,11.91
11.97,12.04,39.213,40.374,11.88
11.99,12.05,39.234,40.425,11.56
12.02,12.1,39.243,40.41,12.1
12.03,12.13,39.161,40.353,12.0
11.98,12.06,39.122,40.298,12.31
11.94,12.01,38.857,40.06,12.49
11.97,12.05,38.996,40.271,12.76
12.04,12.12,38.875,40.138,12.88
11.97,12.05,38.771,39.983,12.79
12.01,12.08,38.608,39.848,12.35
12.1,12.18,38.604,39.83,12.67
12.12,12.21,38.482,39.68,12.4
12.12,12.2,38.471,39.565,12.53
12.35,12.43,38.477,39.661,12.55
12.22,12.29,38.608,39.791,12.87
12.31,12.39,38.455,39.596,13.09
12.19,12.28,38.353,39.493,12.85
12.16,12.23,38.439,39.57,13.0
12.08,12.17,38.573,39.844,13.57
12.13,12.23,,,13.83
12.11,12.21,39.004,40.401,13.98
,,39.018,40.4,
12.14,12.24,38.766,40.142,14.22
12.38,12.46,37.983,39.424,13.51
12.29,12.38,38.451,39.941,13.95
12.54,12.64,37.985,39.436,13.01
12.55,12.64,38.125,39.523,13.11
12.43,12.52,38.588,40.062,13.51
12.38,12.46,38.444,39.899,13.16
12.39,12.48,38.285,39.77,13.05
12.35,12.44,38.57,39.989,13.5
12.15,12.23,38.811,40.252,13.66
11.96,12.05,39.361,40.798,14.0
11.96,12.05,39.345,40.748,13.69
11.99,12.11,38.711,40.133,13.4
11.83,11.94,39.151,40.537,13.12
11.74,11.83,39.078,40.503,13.85
11.79,11.9,38.751,40.132,13.43
11.72,11.79,38.865,40.203,13.57
11.56,11.65,38.628,40.019,13.97
11.71,11.81,38.822,40.14,14.02
11.52,11.65,38.824,40.062,14.58
11.56,11.66,38.843,40.154,15.1
11.51,11.63,38.754,40.036,15.26
11.44,11.54,39.297,40.709,15.73
11.48,11.57,39.154,40.479,15.39
,,39.307,40.588,
11.49,11.6,38.91,40.204,15.76
11.49,11.61,38.927,40.23,16.26
11.44,11.55,38.998,40.342,16.9
11.36,11.47,39.763,41.075,17.42
11.22,11.33,40.078,41.355,17.62
11.14,11.23,39.849,41.082,17.74
11.28,11.35,39.969,41.203,17.95
11.17,11.24,40.656,41.787,18.2
11.23,11.3,40.384,41.427,18.0
11.34,11.43,39.954,41.105,18.1
11.45,11.54,39.768,40.868,18.09
11.46,11.57,39.769,40.978,18.09
11.45,11.55,39.227,40.495,17.69
11.59,11.68,39.181,40.274,16.86
,,38.435,39.421,
11.65,11.75,38.107,39.11,16.13
11.54,11.63,38.101,39.055,15.99
11.43,11.51,39.126,40.102,17.21
11.34,11.4,39.526,40.599,17.04
11.6,11.69,39.265,40.28,16.65
12.05,12.14,38.128,39.015,15.5
12.12,12.19,37.701,38.588,14.01
12.5,12.54,36.804,37.661,14.0
,,37.925,38.758,
12.17,12.19,38.224,38.999,14.74
12.3,12.36,38.562,39.308,14.29
12.29,12.37,38.027,38.799,14.52
12.05,12.14,38.46,39.24,15.58
12.03,12.09,38.414,39.25,15.93
12.04,12.1,38.05,38.95,15.85
12.09,12.16,,,15.58
12.29,12.375,38.084,39.012,15.3
12.14,12.22,38.412,39.29,15.46
12.09,12.16,38.542,39.472,14.66
12.01,12.07,37.902,38.794,16.0
12.52,12.55,37.396,38.217,15.44
12.6,12.62,37.525,38.223,15.83
12.3,12.33,38.126,38.911,15.66
12.36,12.41,37.956,38.809,16.15
12.26,12.3,38.56,39.574,15.86
12.04,12.07,38.821,39.759,15.7
12.1,12.16,39.465,40.473,15.58
12.16,12.21,39.463,40.395,15.6
12.21,12.26,39.805,40.767,15.45
12.2,12.24,39.854,40.895,14.74
12.31,12.36,39.893,40.783,14.85
12.22,12.26,39.54,40.492,14.76
12.18,12.22,39.71,40.625,14.36
12.02,12.07,39.821,40.76,14.35
11.82,11.88,39.728,40.61,14.34
11.73,11.77,39.563,40.484,14.01
11.7,11.74,39.496,40.39,14.24
11.66,11.7,,,14.42
11.66,11.69,39.578,40.497,14.41
11.66,11.68,39.253,40.229,14.78
11.67,11.66,39.14,40.144,14.87
,,38.591,39.623,
11.45,11.48,,,14.66
11.47,11.48,39.307,40.401,15.5
11.63,11.68,39.345,40.389,15.5
11.56,11.61,39.701,40.651,15.75
11.58,11.62,40.308,41.261,15.66
11.5,11.56,40.332,41.359,15.33
11.4,11.42,40.24,41.301,15.48
11.45,11.48,40.396,41.493,15.66
11.16,11.23,40.318,41.477,15.9
11.2,11.28,40.394,41.547,15.68
11.16,11.22,,,15.75
11.13,11.21,40.231,41.373,15.82
11.19,11.28,40.304,41.451,15.79
11.1,11.19,40.109,41.219,15.77
11.03,11.14,40.251,41.409,16.0
10.99,11.07,40.966,42.222,15.99
10.97,11.04,41.194,42.477,16.04
,,41.784,42.923,
11.05,11.11,41.608,42.849,15.8
10.95,10.99,41.165,42.252,15.62
11.03,11.06,40.116,41.192,14.84
11.06,11.11,39.84,41.01,15.02
11.03,11.07,39.785,40.762,15.02
10.93,10.96,39.927,40.913,14.89
10.77,10.79,40.075,41.007,15.34
10.74,10.77,40.067,41.081,14.96
10.66,10.7,40.349,41.462,14.7
10.56,10.59,40.419,41.494,15.1
10.56,10.59,40.478,41.503,15.05
10.51,10.54,40.683,41.743,15.58
10.5,10.55,40.962,41.948,15.62
10.53,10.57,41.023,42.002,15.82
10.48,10.53,40.949,41.866,15.84
10.58,10.63,41.208,42.109,15.86
10.54,10.58,41.404,42.328,15.61
10.51,10.56,,,15.92
10.44,10.5,41.583,42.463,16.09
10.44,10.48,41.538,42.568,15.7
10.28,10.35,41.567,42.55,15.56
10.38,10.43,41.432,42.39,15.18
,,41.464,42.484,
,,41.161,42.247,
10.33,10.37,41.762,42.838,15.52
10.47,10.53,41.532,42.493,15.11
10.34,10.41,41.454,42.454,15.32
10.31,10.38,41.389,42.364,15.1
10.34,10.4,41.596,42.558,15.18
10.45,10.52,41.769,42.682,14.55
10.53,10.6,41.934,42.892,14.5
10.34,10.41,42.163,43.07,14.31
10.32,10.38,42.277,43.229,14.37
10.47,10.53,42.281,43.296,13.59
10.33,10.39,42.36,43.42,14.2
10.35,10.41,42.439,43.5,13.71
10.33,10.41,42.606,43.619,13.16
10.35,10.41,42.42,43.396,13.6
10.3,10.36,41.523,42.507,13.0
10.36,10.44,41.48,42.49,13.66
10.37,10.45,40.879,41.983,13.57
10.21,10.27,40.722,41.757,13.48
10.19,10.27,40.976,41.926,13.77
10.26,10.34,41.046,42.032,13.95
10.22,10.3,41.57,42.494,14.45
10.21,10.29,41.575,42.474,14.45
10.21,10.29,41.478,42.39,14.49
10.15,10.22,41.927,42.838,14.67
10.1,10.17,41.729,42.629,14.85
10.16,10.24,41.57,42.445,14.57
10.34,10.4,41.394,42.255,14.53
10.27,10.33,41.234,42.105,14.7
10.14,10.22,41.237,42.085,14.94
10.19,10.27,41.168,41.994,14.68
10.24,10.32,41.216,42.073,14.65
10.33,10.41,41.178,42.009,14.08
10.28,10.37,41.859,42.757,14.28
10.27,10.36,41.841,42.7,14.1
10.32,10.42,41.911,42.826,13.6
10.35,10.44,42.082,43.004,13.88
,,42.16,42.948,
10.31,10.41,43.138,43.947,14.03
10.5,10.59,43.615,44.442,14.34
10.53,10.63,43.587,44.457,14.0
10.55,10.65,43.713,44.572,13.73
10.48,10.57,45.298,46.226,13.97
,,45.629,46.641,
10.38,10.48,45.822,46.855,13.99
10.4,10.52,46.352,47.423,14.16
10.45,10.55,46.583,47.736,13.6
10.37,10.48,46.357,47.514,14.21
10.37,10.49,46.715,47.935,14.08
10.34,10.45,46.609,47.836,14.14
10.29,10.42,46.439,47.742,14.73
10.22,10.36,46.53,47.795,14.82
10.18,10.32,46.611,47.757,15.45
10.16,10.3,46.854,47.961,15.68
10.03,10.17,47.15,48.231,15.7
10.11,10.25,45.981,47.109,15.61
11.91,12.05,46.512,47.525,13.15
11.72,11.86,46.701,47.733,13.62
12.1,12.21,47.093,48.204,13.4
11.63,11.78,47.441,48.527,13.49
11.19,11.32,47.748,48.881,13.94
11.22,11.33,48.477,49.593,13.74
11.12,11.27,48.574,49.664,13.68
11.01,11.14,,,13.57
11.05,11.19,48.794,49.808,13.36
10.96,11.07,48.243,49.355,12.96
11.05,11.15,48.348,49.415,12.82
11.12,11.21,48.78,49.806,13.05
11.2,11.28,49.184,50.194,13.18
11.1,11.2,48.829,49.834,13.18
11.11,11.2,49.054,50.08,12.87
11.13,11.24,49.171,50.214,12.84
11.03,11.13,47.492,48.506,12.85
10.97,11.07,47.145,48.091,12.9
11.0,11.1,47.67,48.525,12.94
10.9,11.0,47.538,48.396,12.62
,,47.116,48.009,
10.71,10.83,46.989,47.931,12.28
10.59,10.72,47.869,48.761,12.29
10.74,10.86,47.532,48.45,11.86
10.81,10.94,47.973,48.93,11.64
10.88,11.0,47.855,48.831,12.04
10.9,11.02,48.28,49.305,11.93
10.86,10.99,47.614,48.605,12.27
10.99,11.1,46.367,47.405,12.21
10.85,10.98,47.025,48.051,12.08
10.85,10.96,45.89,46.891,12.18
10.75,10.87,45.437,46.484,12.37
10.67,10.76,44.935,45.973,12.36
10.74,10.87,,,12.43
10.72,10.84,45.586,46.613,12.21
10.7,10.83,45.335,46.385,12.17
10.79,10.91,45.93,47.04,11.93
10.7,10.81,46.44,47.55,11.98
10.69,10.81,46.505,47.677,12.33
10.47,10.6,47.192,48.383,12.94
10.52,10.63,47.358,48.443,12.87
10.4,10.53,47.8,48.846,13.05
10.37,10.52,47.671,48.798,12.89
10.3,10.46,48.27,49.348,12.94
10.2,10.37,48.545,49.639,13.23
10.19,10.35,48.408,49.61,13.1
10.18,10.33,48.646,49.692,12.69
10.2,10.35,49.017,49.915,12.88
10.25,10.39,47.535,48.451,13.22
10.25,10.38,47.39,48.265,12.98
10.14,10.26,46.705,47.626,13.0
10.17,10.31,47.076,47.917,13.13
10.15,10.28,46.525,47.275,13.29
10.15,10.27,46.542,47.328,13.12
10.06,10.2,46.52,47.382,13.51
9.98,10.1,46.183,47.015,13.31
9.97,10.1,46.398,47.29,13.4
10.04,10.17,46.468,47.288,13.55
10.09,10.22,46.34,47.21,13.49
10.19,10.32,46.145,47.004,13.52
10.3,10.42,45.362,46.18,13.19
10.25,10.38,45.72,46.505,12.95
10.26,10.38,46.134,46.947,13.08
10.25,10.37,46.111,46.904,13.15
10.25,10.38,46.348,47.213,13.13
10.43,10.55,45.549,46.383,13.05
10.29,10.43,45.534,46.309,13.6
10.38,10.52,45.333,46.044,13.34
10.37,10.5,46.235,47.02,13.79
10.3,10.45,46.35,47.129,13.76
10.23,10.4,46.064,46.845,13.8
10.26,10.43,45.795,46.525,13.88
10.24,10.41,45.691,46.407,13.87
10.25,10.42,46.064,46.788,13.85
10.23,10.43,46.479,47.182,13.45
10.14,10.33,46.967,47.762,13.65
10.17,10.36,46.867,47.6,14.02
10.14,10.33,,,14.17
10.01,10.22,46.423,47.074,14.41
9.89,10.11,46.39,47.101,15.02
,,46.798,47.495,
9.82,10.02,46.325,47.07,14.71
9.91,10.12,46.454,47.165,14.99
9.97,10.18,46.604,47.332,14.87
9.97,10.19,46.755,47.522,15.03
9.87,10.1,46.256,47.007,15.04
9.93,10.14,46.015,46.765,15.04
9.91,10.12,45.75,46.488,15.04
9.85,10.09,46.091,46.843,15.14
9.81,10.05,46.579,47.377,15.87
9.72,9.98,46.623,47.378,15.67
9.75,10.0,46.427,47.163,15.69
9.9,10.14,46.049,46.714,15.84
9.84,10.1,46.243,46.872,15.56
9.95,10.2,47.225,47.995,15.31
9.88,10.13,47.475,48.241,15.34
9.82,10.07,47.956,48.686,15.3
9.83,10.08,47.664,48.374,15.4
9.91,10.16,47.89,48.604,15.98
9.92,10.15,47.584,48.339,15.66
10.06,10.29,48.498,49.26,15.9
9.9,10.13,48.945,49.682,15.69
9.99,10.2,48.85,49.616,15.89
9.94,10.15,48.63,49.39,16.19
9.98,10.19,49.463,50.283,16.08
,,49.392,50.283,
9.97,10.18,49.484,50.394,16.08
10.04,10.24,49.6,50.468,16.12
9.93,10.14,49.609,50.55,16.13
9.92,10.12,49.64,50.637,16.16
9.82,10.05,49.223,50.092,16.15
9.85,10.05,49.41,50.254,16.22
9.91,10.12,48.423,49.277,16.2
9.95,10.14,48.527,49.425,16.51
9.91,10.1,48.667,49.573,16.72
10.12,10.28,48.628,49.571,16.73
10.09,10.25,50.963,51.684,17.03
10.15,10.29,50.856,51.657,16.78
10.18,10.34,50.832,51.652,16.77
10.29,10.47,51.275,52.13,16.9
,,51.279,52.149,
10.48,10.66,51.624,52.5,16.94
10.32,10.5,51.295,52.134,17.43
10.4,10.58,51.667,52.62,16.5
10.36,10.57,51.992,52.915,16.95
10.36,10.56,51.563,52.386,16.72
10.52,10.72,51.403,52.208,16.72
10.6,10.84,51.288,52.06,16.64
10.75,10.99,51.3,52.082,15.35
,,51.046,51.821,
10.59,10.81,51.625,52.424,15.81
10.47,10.66,50.955,51.795,16.02
,,50.919,51.733,
10.35,10.54,51.725,52.515,15.9
10.38,10.58,51.798,52.596,16.11
10.34,10.55,,,16.19
10.43,10.63,52.031,52.826,16.1
10.45,10.65,52.711,53.601,15.87
10.4,10.6,52.371,53.165,15.84
10.56,10.78,51.083,51.869,15.33
10.67,10.86,51.07,51.809,15.38
10.63,10.84,50.509,51.253,15.61
10.53,10.73,49.934,50.594,15.48
10.44,10.66,50.258,50.98,15.31
10.43,10.63,50.919,51.636,15.52
10.54,10.75,51.547,52.229,15.26
10.49,10.7,51.853,52.469,15.35
10.53,10.73,52.055,52.599,15.38
10.66,10.87,52.024,52.439,15.49
10.59,10.81,52.031,52.57,15.18
10.66,10.86,52.458,52.874,15.01
10.69,10.89,53.21,53.6,14.95
10.74,10.96,53.857,54.254,15.22
10.83,11.06,53.534,53.989,15.14
10.69,10.95,53.248,53.678,15.24
10.61,10.83,53.182,53.543,15.86
10.59,10.82,53.006,53.443,15.75
10.51,10.75,52.837,53.293,15.97
10.52,10.76,52.468,53.01,16.05
10.44,10.66,52.407,52.798,16.1
,,52.32,52.67,
10.26,10.51,53.25,53.661,16.55
10.2,10.48,54.124,54.576,16.7
10.22,10.48,54.32,54.788,16.73
10.24,10.51,55.112,55.515,16.83
10.19,10.46,55.347,55.711,17.03
10.23,10.49,55.313,55.64,17.03
10.17,10.45,55.131,55.507,16.8
10.11,10.38,55.276,55.603,17.25
10.04,10.31,56.113,56.533,17.3
10.05,10.34,,,17.35
10.07,10.34,56.088,56.535,17.65
10.06,10.32,56.599,56.955,18.36
10.04,10.28,56.49,56.799,18.22
10.06,10.3,56.876,57.175,18.26
10.09,10.33,57.79,58.208,18.47
10.17,10.42,58.499,58.809,18.29
10.02,10.26,58.212,58.564,19.34
,,58.518,59.107,
9.86,10.11,58.792,59.378,19.93
9.9,10.15,58.779,59.324,19.85
9.89,10.13,58.185,58.869,19.49
9.86,10.09,58.497,59.111,19.7
9.79,9.99,58.385,59.079,20.52
9.93,10.12,55.595,55.96,19.97
9.99,10.18,52.79,53.12,19.04
9.92,10.12,54.03,54.222,19.99
9.91,10.12,52.429,52.771,19.44
9.95,10.17,50.076,50.386,19.05
10.07,10.29,51.889,52.314,18.77
,,52.597,52.728,
,,52.605,52.707,
9.95,10.19,53.485,53.635,19.25
9.95,10.21,54.476,54.568,19.4
9.89,10.16,54.74,54.775,19.42
9.92,10.18,,,20.05
9.89,10.15,55.123,55.18,20.44
9.91,10.16,55.567,55.688,20.25
9.89,10.14,55.332,55.495,20.74
9.76,10.0,56.34,56.405,21.12
9.64,9.86,57.188,57.185,21.52
9.67,9.89,55.915,55.876,21.5
9.64,9.85,55.237,55.196,21.46
9.65,9.87,53.476,53.571,21.03
9.6,9.84,53.946,54.207,21.51
9.55,9.79,54.547,54.738,22.12
9.55,9.79,54.753,55.045,21.9
9.58,9.83,55.482,55.752,21.67
9.61,9.86,56.3,56.469,21.7
9.63,9.87,58.002,58.042,22.39
9.63,9.87,58.225,58.297,22.33
9.53,9.77,56.909,56.996,22.11
9.52,9.73,57.475,57.445,22.38
9.52,9.73,57.479,57.531,21.31
9.49,9.7,56.787,56.721,21.43
9.5,9.72,54.991,55.003,20.93
9.56,9.77,54.886,54.79,21.16
9.48,9.69,54.544,54.7,22.05
9.42,9.66,52.454,52.658,21.72
9.52,9.78,51.079,51.328,21.75
9.46,9.74,52.661,52.704,22.03
9.47,9.77,50.255,50.347,21.44
9.5,9.79,50.228,50.259,21.2
9.46,9.75,51.59,51.857,21.41
9.5,9.77,50.324,50.632,20.9
9.57,9.84,50.671,50.934,20.71
9.66,9.95,51.257,51.486,20.38
9.56,9.84,51.39,51.632,21.15
9.67,9.94,50.352,50.498,21.28
9.7,9.99,50.773,51.005,20.53
9.73,10.02,51.582,51.825,21.4
9.67,9.95,50.999,51.253,21.8
9.64,9.92,51.626,51.865,21.68
9.73,10.03,51.463,51.802,21.2
9.69,9.99,51.899,52.305,20.62
9.65,9.95,53.708,53.968,21.03
9.56,9.87,53.604,53.77,21.8
9.6,9.89,54.385,54.473,22.2
9.61,9.9,53.648,53.866,22.36
9.74,10.05,53.373,53.691,22.48
9.78,10.08,50.999,51.132,22.4
9.82,10.09,51.059,51.15,21.73
9.73,10.04,52.002,52.165,22.63
9.64,9.93,51.503,51.573,22.71
9.69,9.98,50.867,50.929,22.97
,,51.866,52.038,
9.73,10.03,51.219,51.302,22.6
9.72,10.01,51.186,51.315,22.45
9.73,10.01,52.411,52.55,22.27
9.82,10.09,52.74,52.973,22.65
9.97,10.24,52.696,52.93,22.91
10.19,10.46,54.138,54.448,24.78
9.94,10.21,54.878,55.274,25.75
9.98,10.26,54.913,55.169,25.44
10.08,10.33,55.01,55.33,26.24
10.14,10.4,53.962,54.244,26.79
10.11,10.37,54.088,54.204,27.39
10.23,10.48,53.93,54.063,25.95
10.65,10.9,53.318,53.482,25.65
10.57,10.87,53.979,54.201,25.05
10.54,10.84,53.487,53.765,24.71
10.53,10.84,53.985,54.298,23.27
10.69,11.03,53.962,54.273,20.08
10.9,11.27,53.783,54.204,19.8
10.99,11.33,,,16.91
11.25,11.65,53.016,53.403,19.3
11.29,11.67,53.39,53.874,18.98
,,54.25,55.0,
11.3,11.69,55.975,56.75,16.16
11.35,11.76,56.965,57.652,17.53
11.8,12.27,56.983,57.551,16.59
11.97,12.5,56.844,57.348,16.33
12.06,12.53,56.193,56.721,15.76
11.78,12.14,56.043,56.636,15.25
11.78,12.16,56.5,57.045,15.41
11.8,12.14,56.966,57.41,15.46
11.96,12.29,56.74,57.212,15.17
12.27,12.66,57.606,58.006,15.1
11.98,12.35,57.613,57.963,14.97
12.03,12.39,58.673,59.179,14.5
11.74,12.13,58.403,58.935,15.42
11.76,12.14,58.492,59.204,16.21
11.89,12.3,57.883,58.472,15.1
11.93,12.32,57.774,58.465,15.11
11.83,12.23,56.241,56.964,15.7
11.68,12.12,55.923,56.631,16.04
11.78,12.2,55.199,55.847,16.55
11.65,12.11,55.711,56.339,16.6
11.52,11.91,55.783,56.46,17.19
11.36,11.7,56.373,57.105,17.47
11.4,11.76,55.145,55.814,17.5
11.29,11.62,,,18.45
11.39,11.72,56.213,57.064,17.86
11.23,11.55,57.009,57.754,17.94
,,57.703,58.364,
11.08,11.42,57.642,58.357,17.75
11.19,11.52,57.695,58.573,17.41
11.36,11.69,59.174,60.063,17.95
11.28,11.6,59.441,60.221,18.11
11.34,11.69,59.193,59.826,17.88
11.25,11.61,59.94,60.654,18.29
11.24,11.57,59.794,60.646,18.05
11.17,11.51,59.348,59.955,18.4
10.88,11.19,59.246,59.894,19.29
10.93,11.23,60.275,60.55,19.26
10.91,11.23,62.404,62.908,19.66
10.83,11.1,63.185,63.797,19.96
10.9,11.2,63.417,64.275,19.41
10.87,11.21,61.925,62.645,19.77
10.9,11.23,60.987,61.502,19.89
10.98,11.31,60.863,61.361,19.72
11.03,11.38,61.001,61.65,20.01
11.06,11.42,61.308,62.057,20.41
10.88,11.23,61.186,61.908,21.11
10.85,11.21,61.239,61.884,21.04
11.03,11.39,62.111,62.792,20.71
11.15,11.49,62.281,63.067,20.14
11.31,11.64,62.455,63.223,20.34
11.66,12.01,61.881,62.626,19.59
11.71,12.08,61.751,62.432,20.04
11.39,11.78,62.105,62.907,19.98
11.42,11.79,60.719,61.611,19.05
11.5,11.87,60.325,61.203,18.95
11.6,12.01,60.048,60.793,18.46
11.74,12.12,60.389,61.098,18.36
12.12,12.55,60.081,60.871,17.72
11.96,12.38,60.366,61.088,18.35
12.11,12.53,60.269,61.058,17.95
11.99,12.39,61.033,61.838,18.3
11.89,12.28,62.091,62.814,18.71
12.01,12.4,61.558,62.293,18.35
12.01,12.42,62.465,63.233,19.3
12.3,12.69,61.956,62.722,18.8
12.11,12.51,60.91,61.59,19.26
12.32,12.67,,,19.0
12.47,12.86,59.85,60.566,18.65
12.49,12.9,59.324,59.955,18.65
12.32,12.75,58.572,59.2,18.99
,,58.241,58.879,
12.33,12.75,58.232,58.753,19.26
12.42,12.9,58.868,59.5,18.5
12.38,12.8,58.141,58.58,18.95
12.5,12.95,58.766,59.107,18.71
12.38,12.8,58.627,58.899,18.79
12.28,12.69,57.802,57.991,19.4
12.21,12.64,58.061,58.355,20.25
12.14,12.58,58.555,58.713,19.98
12.03,12.42,59.343,59.579,19.87
11.8,12.15,58.305,58.606,20.14
11.87,12.23,58.668,58.978,20.0
11.87,12.25,59.233,59.695,20.08
11.72,12.09,59.025,59.703,20.19
11.61,11.96,59.732,60.368,21.46
11.78,12.13,59.674,60.354,21.09
11.65,11.95,59.765,60.427,21.0
11.43,11.76,60.006,60.382,22.82
11.33,11.63,60.148,60.576,23.79
11.24,11.56,58.41,58.854,24.02
11.35,11.67,57.867,58.391,23.96
10.74,11.13,57.449,57.796,26.6
10.59,10.93,56.941,57.259,26.82
10.67,11.02,54.061,54.608,26.05
10.77,11.12,53.966,54.537,25.29
,,55.504,56.027,
10.44,10.77,54.613,55.122,25.77
10.18,10.52,56.064,56.654,26.73
9.99,10.32,55.785,56.379,26.45
10.15,10.47,54.399,54.896,25.7
10.16,10.48,54.823,55.259,25.92
9.94,10.27,55.058,55.568,26.53
9.97,10.34,55.185,55.746,26.2
10.15,10.52,52.536,52.856,25.68
10.19,10.56,54.778,55.18,26.32
9.91,10.28,53.574,54.188,27.6
9.89,10.27,51.004,51.737,26.42
9.78,10.14,51.811,52.476,28.0
9.83,10.2,53.838,54.529,27.62
9.73,10.09,53.5,54.299,27.32
,,52.89,53.575,
9.74,10.09,52.004,52.787,28.16
9.82,10.18,52.79,53.479,27.19
9.86,10.23,54.67,55.412,26.3
10.02,10.4,54.12,54.732,25.35
10.07,10.44,53.308,53.851,25.46
10.08,10.46,51.932,52.468,25.33
10.13,10.51,51.802,52.399,24.24
10.0,10.37,52.183,52.729,25.1
,,53.236,53.552,
9.69,10.03,53.075,53.414,25.8
9.73,10.07,51.0,51.371,26.0
,,51.288,51.523,
9.63,9.99,51.881,52.172,25.17
9.63,9.96,,,25.15
9.51,9.83,51.194,51.505,24.37
9.76,10.08,52.431,52.797,24.25
9.77,10.1,52.221,52.614,25.53
9.67,9.99,54.312,54.59,25.38
9.63,9.92,54.415,54.729,25.17
9.57,9.86,54.722,55.483,25.46
9.58,9.89,55.322,55.818,25.94
9.76,10.09,52.541,53.124,25.34
9.77,10.1,,,25.56
9.7,10.02,53.437,53.904,24.59
9.69,10.01,51.829,52.329,24.77
9.82,10.15,51.978,52.659,23.44
9.83,10.17,52.588,53.083,23.29
9.68,10.01,53.184,53.687,23.3
9.52,9.85,53.095,53.677,23.36
9.45,9.77,52.105,52.586,23.05
9.44,9.79,50.826,51.283,22.87
9.51,9.86,51.436,52.171,22.0
9.37,9.74,51.151,51.773,22.25
9.25,9.59,50.471,51.179,21.49
9.21,9.54,48.977,49.563,21.55
,,48.811,49.234,
9.21,9.52,51.973,52.393,21.68
9.13,9.42,52.194,52.645,21.67
9.1,9.41,51.854,52.334,22.68
,,51.781,52.248,
8.96,9.32,52.293,52.734,24.06
8.97,9.32,50.803,51.274,24.65
8.93,9.24,53.536,53.903,24.72
9.0,9.31,53.42,53.796,25.11
8.94,9.24,53.814,54.268,24.96
8.89,9.19,53.733,54.083,25.48
8.94,9.25,53.516,53.942,25.26
8.95,9.26,52.86,53.224,24.99
8.92,9.23,52.235,52.576,24.85
9.0,9.33,53.858,54.326,24.83
9.01,9.33,54.049,54.476,24.82
8.99,9.3,54.495,54.956,25.16
8.95,9.23,54.913,55.365,25.4
8.92,9.21,,,25.53
8.86,9.19,53.526,53.932,25.13
8.78,9.09,53.778,54.221,25.43
8.87,9.21,53.695,54.2,25.54
,,54.55,55.076,
8.89,9.23,53.504,53.993,24.77
8.79,9.14,53.031,53.503,25.37
8.89,9.24,54.453,54.9,25.62
8.64,8.97,55.818,56.295,25.58
8.55,8.86,55.538,55.931,25.8
8.56,8.86,56.64,57.071,26.03
8.61,8.92,57.3,57.593,26.05
8.71,9.04,55.762,56.145,25.49
8.77,9.1,54.936,55.296,25.09
8.88,9.2,54.753,55.119,25.13
8.86,9.19,54.751,55.106,24.84
8.76,9.09,56.068,56.379,25.72
8.72,9.05,56.008,56.432,26.05
8.66,8.98,56.084,56.46,26.95
8.53,8.87,55.683,55.982,26.84
8.66,9.0,,,26.76
8.56,8.89,55.928,56.326,27.38
8.72,9.05,55.69,56.03,27.04
8.71,9.04,54.849,55.211,27.4
8.68,9.02,55.518,55.828,27.13
8.73,9.06,55.47,55.866,26.7
8.76,9.08,55.757,56.101,26.58
8.73,9.06,55.802,56.145,27.08
8.78,9.1,55.996,56.328,27.06
8.84,9.17,57.05,57.426,26.7
,,57.39,57.671,
,,58.102,58.46,
8.91,9.23,57.893,58.247,26.76
8.89,9.21,57.165,57.543,26.77
8.81,9.13,57.116,57.499,26.67
8.67,8.98,58.788,58.963,27.75
8.61,8.93,59.66,59.863,27.5
8.5,8.83,59.666,59.953,28.1
8.61,8.93,59.277,59.627,28.19
8.59,8.91,59.223,59.515,28.25
8.54,8.88,59.213,59.427,28.74
8.49,8.84,59.942,60.123,29.2
8.39,8.73,61.199,61.322,28.97
8.49,8.81,61.577,61.807,28.56
8.84,9.17,60.275,60.383,27.0
8.76,9.08,59.65,59.869,27.34
8.83,9.14,59.231,59.492,28.63
9.05,9.37,58.651,58.901,27.34
8.74,9.05,58.425,58.614,28.06
8.75,9.06,58.665,58.845,28.06
8.65,8.96,59.722,59.949,28.0
8.66,8.98,60.025,60.277,28.29
8.76,9.08,60.296,60.54,27.54
8.7,9.02,60.75,60.973,28.47
8.7,9.0,60.358,60.573,28.78
8.76,9.08,60.192,60.414,29.25
8.79,9.11,59.863,60.135,29.16
8.67,8.99,60.108,60.323,28.78
8.73,9.05,60.231,60.479,28.0
8.81,9.12,60.893,61.137,25.83
8.73,9.03,61.055,61.326,25.93
8.76,9.07,61.357,61.596,26.72
8.84,9.14,61.817,62.007,26.75
8.77,9.08,61.818,62.074,27.6
8.75,9.08,62.442,62.688,27.44
8.65,8.97,63.228,63.53,27.68
8.76,9.07,62.8,63.003,27.6
8.77,9.1,63.173,63.367,27.8
8.77,9.09,63.609,63.871,27.25
8.78,9.1,64.379,64.81,27.37
8.75,9.06,59.424,59.948,27.11
,,58.404,58.666,
8.76,9.06,58.131,58.326,26.73
8.68,9.0,59.27,59.478,26.85
8.67,8.98,59.47,59.673,26.77
8.7,9.0,58.705,58.943,26.35
8.61,8.92,58.314,58.539,27.37
8.58,8.9,58.119,58.399,26.83
8.53,8.86,58.213,58.382,26.68
8.6,8.93,56.602,56.829,25.9
8.56,8.89,56.022,56.243,26.0
8.61,8.94,58.211,58.54,25.88
8.72,9.05,58.949,59.225,25.27
8.91,9.25,58.115,58.439,24.68
8.79,9.13,56.942,57.233,25.52
8.63,8.95,57.482,57.722,26.49
8.6,8.94,57.571,57.793,26.29
8.57,8.92,57.039,57.267,25.84
8.57,8.92,56.674,56.93,26.09
8.52,8.86,,,26.24
8.36,8.72,56.708,56.978,26.8
8.22,8.55,55.823,55.997,26.5
8.19,8.53,55.898,56.071,26.15
8.16,8.51,55.182,55.325,25.55
7.99,8.35,51.812,51.937,25.99
7.84,8.2,52.652,52.725,26.2
8.01,8.36,52.111,52.232,25.86
7.85,8.23,52.217,52.388,26.28
7.76,8.15,53.302,53.418,26.76
7.74,8.14,54.019,54.138,26.65
7.59,7.95,53.936,54.052,27.16
7.63,7.98,53.852,53.955,26.85
7.54,7.9,54.439,54.551,27.18
7.51,7.87,54.268,54.315,27.06
7.56,7.93,54.625,54.695,27.11
7.5,7.87,55.18,55.262,27.45
7.42,7.78,55.116,55.226,27.52
,,55.571,55.66,
7.2,7.58,56.094,56.268,28.28
7.23,7.59,55.776,55.835,28.25
7.29,7.64,54.317,54.379,27.51
7.24,7.57,53.99,54.016,27.67
7.24,7.57,53.801,53.832,27.23
7.12,7.44,54.046,54.14,27.41
7.05,7.35,54.898,55.0,27.26
7.1,7.38,55.563,55.63,26.82
7.03,7.31,56.079,56.15,27.13
6.98,7.3,,,27.39
7.03,7.37,56.579,56.633,27.4
6.94,7.28,55.817,55.84,27.65
,,56.241,56.215,
6.86,7.21,57.024,57.046,28.07
6.83,7.17,57.211,57.204,28.4
6.88,7.23,57.245,57.267,28.53
6.87,7.23,57.517,57.526,28.18
6.96,7.3,57.679,57.673,27.83
6.96,7.3,57.317,57.337,27.68
6.93,7.26,57.317,57.362,27.51
6.94,7.28,56.505,56.578,27.44
6.94,7.28,56.903,56.961,27.49
6.87,7.2,57.311,57.402,27.52
6.84,7.16,56.89,56.987,27.35
6.9,7.22,56.606,56.797,26.89
6.87,7.18,62.521,62.261,26.14
6.85,7.17,61.971,62.092,26.38
6.84,7.16,61.257,61.4,26.24
6.9,7.21,60.834,60.91,26.08
6.91,7.23,60.451,60.589,25.6
6.91,7.21,59.7,59.816,26.52
7.05,7.35,57.616,57.738,25.55
6.94,7.25,58.498,58.554,25.88
6.88,7.18,58.7,58.796,25.6
6.83,7.13,60.24,60.31,26.35
6.85,7.14,59.401,59.445,26.28
6.88,7.18,58.736,58.725,25.65
6.87,7.16,59.864,59.837,25.79
6.95,7.24,58.215,58.213,24.92
6.94,7.23,58.363,58.466,24.23
6.88,7.17,58.88,58.961,23.91
6.93,7.23,59.923,60.022,24.03
6.95,7.25,59.135,59.177,24.02
6.85,7.17,59.563,59.579,25.45
6.88,7.19,59.477,59.576,25.22
6.94,7.24,57.564,57.679,24.28
7.06,7.34,58.445,58.559,23.96
7.14,7.41,58.392,58.541,24.34
7.26,7.54,58.551,58.688,24.59
7.22,7.52,59.643,59.712,25.5
7.11,7.4,59.405,59.527,25.5
7.18,7.47,,,25.3
7.09,7.38,58.42,58.478,25.6
6.99,7.29,59.071,59.114,26.26
6.98,7.29,60.569,60.61,26.39
7.0,7.31,60.247,60.316,26.52
6.98,7.3,60.221,60.264,26.93
7.01,7.33,60.3,60.285,27.1
7.0,7.31,61.009,61.0,26.87
6.95,7.25,61.713,61.749,27.06
7.07,7.37,61.978,62.002,26.88
6.97,7.28,61.565,61.582,28.06
6.84,7.17,61.458,61.494,27.69
6.83,7.16,61.621,61.633,27.22
6.81,7.14,61.936,61.938,27.29
6.7,7.03,61.497,61.492,27.0
6.74,7.07,61.701,61.735,27.48
6.79,7.13,60.938,60.917,27.27
6.73,7.06,62.326,62.297,27.34
6.69,7.02,62.07,62.115,27.7
6.66,7.0,61.254,61.298,27.66
6.67,7.0,60.95,61.057,27.55
6.64,6.97,60.255,60.3,27.51
6.67,6.99,58.832,58.896,26.72
6.61,6.94,59.391,59.472,26.74
6.58,6.92,60.45,60.548,26.51
6.64,6.98,60.384,60.413,26.17
6.61,6.95,59.457,59.507,26.02
6.48,6.83,60.116,60.12,26.52
6.44,6.82,60.434,60.474,26.74
6.25,6.62,60.773,60.786,27.26
6.24,6.6,60.857,60.889,27.31
6.32,6.69,62.151,62.112,27.6
6.21,6.58,62.182,62.15,27.93
6.1,6.48,62.653,62.64,27.66
6.12,6.48,62.275,62.221,27.6
6.11,6.48,62.308,62.214,27.77
6.2,6.56,62.14,62.06,28.57
6.13,6.49,62.957,62.882,28.95
6.15,6.53,63.05,62.955,28.32
6.07,6.45,63.257,63.215,29.25
6.03,6.4,64.5,64.449,29.6
6.05,6.44,63.131,63.033,29.82
6.03,6.43,63.064,63.035,30.08
6.03,6.39,63.006,62.94,30.39
5.98,6.33,63.687,63.613,30.43
5.99,6.34,64.569,64.48,30.36
6.02,6.34,64.602,64.572,29.65
6.14,6.47,64.59,64.551,29.71
6.21,6.54,65.443,65.347,30.9
6.25,6.58,65.569,65.45,30.02
6.2,6.54,64.96,64.914,30.45
6.35,6.69,64.94,64.861,30.02
6.34,6.67,64.9,64.809,29.9
6.33,6.66,65.573,65.458,29.3
,,66.744,66.677,
6.36,6.68,66.035,65.992,29.08
6.39,6.71,65.773,65.63,28.78
,,65.153,65.093,
6.5,6.81,65.067,65.007,29.85
6.45,6.77,64.767,64.684,29.98
6.54,6.85,65.335,65.282,29.73
6.59,6.92,65.678,65.65,29.19
6.6,6.94,65.65,65.607,29.33
6.54,6.87,,,29.53
6.52,6.85,65.248,65.204,29.15
6.57,6.9,64.496,64.443,29.07
6.49,6.81,64.764,64.737,28.98
6.42,6.73,66.027,65.947,29.66
6.44,6.77,66.407,66.348,30.05
6.35,6.7,67.031,66.97,30.35
6.34,6.7,67.178,67.15,30.21
6.35,6.71,67.233,67.145,30.44
6.35,6.7,67.251,67.213,30.4
6.34,6.68,67.514,67.425,30.97
6.36,6.7,67.392,67.343,29.98
6.46,6.81,68.059,68.035,29.41
6.6,6.93,67.756,67.745,29.85
6.56,6.9,67.631,67.596,30.54
6.72,7.06,67.802,67.822,30.61
6.64,6.99,67.48,67.561,30.26
6.57,6.93,67.442,67.532,30.5
,,67.178,67.222,
6.51,6.85,68.02,68.124,30.91
6.49,6.84,67.595,67.732,30.52
6.43,6.76,66.807,66.986,30.18
,,66.851,66.97,
6.39,6.71,68.369,68.434,30.7
6.42,6.75,68.033,68.076,30.45
6.46,6.79,69.711,69.891,30.81
6.44,6.79,69.667,69.756,30.69
6.4,6.76,70.216,70.252,30.5
6.38,6.73,70.992,70.989,30.4
6.38,6.74,71.487,71.448,30.27
6.44,6.81,71.962,72.002,30.33
6.38,6.75,71.544,71.53,30.0
6.32,6.71,71.96,71.96,29.55
6.43,6.82,72.585,72.508,29.52
6.38,6.75,74.02,73.976,29.85
6.39,6.77,,,30.0
6.34,6.73,74.22,74.113,29.62
6.3,6.7,74.298,74.209,29.29
6.32,6.71,74.333,74.235,29.6
6.3,6.68,73.336,73.309,29.3
6.27,6.66,71.695,71.587,28.03
6.21,6.6,72.628,72.525,28.8
6.18,6.58,72.932,72.835,28.85
6.2,6.59,72.792,72.713,28.94
6.21,6.6,71.712,71.639,28.45
6.15,6.52,74.297,74.13,28.18
6.11,6.47,72.354,72.271,28.63
6.05,6.39,72.412,72.303,28.39
6.14,6.47,73.812,73.799,29.18
6.2,6.55,73.962,73.956,28.93
6.15,6.48,75.434,75.433,29.13
6.07,6.42,75.44,75.503,29.48
6.03,6.39,75.914,75.932,30.13
6.08,6.44,75.733,75.67,29.72
5.96,6.33,76.037,75.937,29.42
5.97,6.37,,,29.36
6.0,6.39,75.984,75.972,29.75
5.97,6.37,76.335,76.244,30.55
6.0,6.41,75.908,75.85,29.92
6.06,6.47,74.256,74.173,29.14
,,71.08,70.993,
,,69.423,69.316,
6.19,6.63,69.659,69.524,26.21
6.12,6.57,65.905,65.748,25.3
6.14,6.63,66.967,66.963,25.34
5.9,6.41,69.456,69.316,26.53
5.84,6.38,67.07,66.886,26.05
5.79,6.36,69.326,69.08,26.89
6.02,6.54,65.952,65.738,25.29
6.04,6.57,64.921,64.787,22.83
6.35,6.95,60.778,60.79,16.05
6.19,6.84,64.02,63.759,17.56
6.89,7.6,60.771,60.545,15.85
8.22,8.88,55.746,55.578,12.6
7.17,7.85,60.987,60.713,15.4
7.08,7.8,54.217,53.65,13.09
6.59,7.38,55.99,55.903,13.0
8.02,8.55,54.84,54.56,11.29
7.98,8.57,55.765,55.584,12.21
8.25,8.9,53.616,53.411,12.0
8.71,9.48,52.831,52.707,11.5
8.33,9.08,56.723,56.501,13.25
7.46,8.26,55.125,55.081,14.32
7.04,7.76,58.088,58.146,14.39
6.97,7.64,55.536,55.513,13.3
6.75,7.53,57.341,57.316,13.38
6.75,7.48,58.14,58.098,13.99
6.97,7.73,55.281,55.105,14.3
6.95,7.75,56.042,55.852,15.51
7.2,8.0,54.894,54.635,15.34
7.07,7.84,59.346,59.16,15.77
6.96,7.74,59.326,59.128,16.4
6.81,7.6,60.514,60.35,17.32
6.63,7.45,60.573,60.329,16.82
6.54,7.4,60.878,60.521,16.93
6.38,7.25,63.462,63.262,16.73
6.28,7.12,63.124,62.865,16.38
6.12,6.95,63.174,62.872,15.72
6.09,6.9,64.162,63.95,16.13
5.96,6.83,63.33,63.058,15.95
,,60.817,60.608,
5.86,6.8,63.161,62.921,16.75
6.26,7.18,63.816,63.559,16.95
7.61,8.59,63.966,63.83,15.95
7.5,8.46,63.794,63.543,16.45
6.62,7.6,61.684,61.629,17.25
6.44,7.36,67.074,67.109,18.2
6.48,7.4,67.433,67.335,18.05
,,66.03,65.866,
6.61,7.5,66.34,66.145,17.38
6.49,7.45,67.556,67.451,17.94
6.4,7.35,67.365,67.272,17.28
6.53,7.57,68.628,68.464,17.44
6.39,7.44,69.419,69.217,18.48
6.43,7.49,70.163,70.179,18.15
6.69,7.79,68.787,68.759,18.14
6.86,7.96,67.467,67.417,17.59
6.8,7.88,67.807,67.843,17.4
6.71,7.82,68.66,68.653,17.15
6.59,7.67,69.197,69.259,18.54
6.51,7.61,68.674,68.72,18.68
6.54,7.61,70.336,70.458,19.3
6.4,7.43,70.14,70.338,19.19
6.44,7.43,70.521,70.662,18.67
6.1,7.06,,,19.48
6.01,6.98,70.851,71.069,19.67
5.98,6.93,70.892,71.014,19.93
6.02,6.97,70.837,70.912,19.77
5.96,6.9,71.446,71.676,20.34
5.94,6.91,71.591,71.744,20.33
5.75,6.73,71.961,72.116,21.4
5.66,6.64,71.819,71.963,21.47
5.71,6.71,70.609,70.715,21.43
5.8,6.77,71.92,72.001,22.1
5.77,6.71,72.331,72.402,22.53
5.78,6.73,72.808,72.604,21.72
5.66,6.6,73.292,73.235,21.4
,,70.192,70.095,
5.68,6.6,70.659,70.646,20.6
5.71,6.64,70.992,71.037,20.7
5.77,6.74,72.136,72.324,21.37
5.66,6.62,72.556,72.627,21.44
5.86,6.82,71.798,71.706,21.6
5.82,6.8,71.586,71.232,21.47
5.91,6.9,72.593,72.533,20.95
5.81,6.8,73.221,73.199,21.65
5.94,6.93,71.599,71.635,21.0
5.75,6.75,72.066,72.055,21.47
5.82,6.81,67.995,68.127,20.84
5.76,6.73,69.749,69.859,21.66
5.68,6.61,70.681,70.903,21.55
5.61,6.54,71.902,72.1,21.71
5.63,6.54,73.235,73.497,22.06
5.55,6.44,,,21.98
5.52,6.38,74.785,74.983,22.51
5.63,6.51,74.259,74.496,22.23
5.67,6.48,74.8,75.18,22.65
5.63,6.43,75.55,75.933,22.14
5.56,6.37,77.087,76.951,22.51
5.57,6.39,75.567,75.612,22.16
5.58,6.42,76.029,76.043,22.9
5.61,6.42,75.682,75.844,23.34
5.6,6.42,75.9,75.746,22.72
5.49,6.29,75.778,75.843,22.74
5.49,6.31,78.286,78.192,22.74
5.51,6.32,77.921,77.796,23.37
5.55,6.39,78.425,78.242,23.05
5.58,6.43,75.784,75.838,22.57
5.43,6.33,75.593,75.411,22.73
5.34,6.26,76.51,76.472,23.2
5.36,6.27,75.017,75.183,22.8
5.38,6.29,76.101,76.176,23.17
5.2,6.11,76.573,76.919,22.82
5.18,6.07,74.148,74.398,22.2
5.18,6.06,73.723,74.138,21.8
5.28,6.18,73.249,73.665,21.78
5.37,6.27,73.681,73.955,23.18
5.25,6.2,75.005,75.248,23.22
5.4,6.35,74.725,74.919,22.79
5.48,6.44,74.805,74.841,23.45
5.56,6.54,74.016,74.027,23.08
5.71,6.71,75.331,75.362,23.48
5.82,6.85,75.923,75.833,22.84
5.81,6.83,75.387,75.232,22.67
5.95,6.99,75.899,75.812,22.6
5.68,6.7,77.93,77.789,23.02
5.83,6.85,77.377,77.23,22.89
5.8,6.82,79.088,78.813,22.73
5.76,6.79,79.021,78.779,22.56
5.71,6.73,79.41,79.258,22.97
5.75,6.76,80.411,80.292,22.87
5.96,6.97,82.619,82.207,22.22
5.98,6.96,81.717,81.426,22.15
5.82,6.78,82.221,81.972,22.54
5.88,6.85,81.709,81.477,21.89
5.77,6.74,83.036,82.754,22.87
5.82,6.79,86.414,85.87,22.8
5.76,6.72,82.092,81.476,22.88
5.69,6.64,79.552,79.061,22.92
5.84,6.79,76.62,76.18,22.26
5.79,6.74,77.848,77.362,22.73
5.97,6.95,76.601,76.303,22.12
5.98,6.97,76.036,75.788,21.88
5.93,6.92,75.964,75.441,21.68
6.03,7.02,77.072,76.756,21.67
6.12,7.12,76.045,75.605,21.73
6.02,7.01,74.777,74.352,22.15
6.3,7.28,73.0,72.554,21.65
6.36,7.34,71.558,71.507,20.9
6.3,7.26,73.273,72.991,20.8
6.43,7.4,70.761,70.47,20.23
6.21,7.19,71.415,71.143,20.4
6.22,7.21,72.248,71.953,20.13
6.61,7.62,73.226,72.933,19.63
6.62,7.6,73.467,73.301,19.31
6.5,7.48,73.48,73.28,19.61
6.53,7.5,74.505,74.395,19.85
6.71,7.6,72.921,72.78,19.02
6.51,7.44,74.301,74.142,20.03
6.66,7.55,72.672,72.551,19.93
6.66,7.58,73.015,72.957,19.79
6.56,7.54,74.297,74.172,20.44
6.55,7.53,75.761,75.523,19.8
,,78.458,78.23,
6.43,7.38,78.584,78.354,20.13
6.42,7.36,78.404,78.172,19.97
6.59,7.53,77.957,77.774,19.75
6.64,7.57,78.651,78.385,19.33
6.48,7.4,76.73,76.498,19.52
6.33,7.23,77.797,77.554,20.18
6.37,7.28,79.666,79.3,20.16
6.45,7.37,80.767,80.333,20.84
6.62,7.47,82.05,81.649,20.57
6.6,7.43,79.523,79.215,20.25
6.67,7.49,80.213,79.944,19.88
6.7,7.47,75.831,75.54,18.67
6.71,7.5,78.362,77.844,19.29
6.78,7.57,81.051,80.806,18.94
,,81.302,81.216,
6.92,7.69,82.511,82.283,19.65
6.76,7.55,87.457,87.292,19.72
6.66,7.42,88.169,88.125,19.89
6.53,7.27,88.088,87.987,19.75
6.42,7.16,88.15,88.071,21.61
6.5,7.24,87.02,86.886,23.08
6.69,7.48,87.636,87.362,22.88
6.75,7.56,87.492,87.141,21.91
6.7,7.46,88.851,88.613,22.63
6.69,7.47,89.069,88.702,23.29
6.64,7.42,88.508,88.083,23.69
6.79,7.59,87.339,87.032,23.55
6.8,7.6,88.196,87.929,23.82
6.95,7.74,87.11,86.819,23.65
7.06,7.83,86.743,86.378,25.1
7.0,7.76,88.444,88.195,26.22
6.93,7.68,88.572,88.207,26.25
6.82,7.6,,,25.82
6.7,7.49,89.66,89.351,25.5
6.77,7.55,88.037,87.72,24.9
6.57,7.36,89.905,89.768,25.6
6.39,7.23,91.398,91.249,25.91
6.11,6.9,91.339,91.092,26.64
6.13,6.92,91.4,91.188,27.53
6.08,6.91,90.974,90.852,27.0
6.07,6.89,90.928,90.566,26.66
6.11,6.96,89.207,88.893,26.94
6.03,6.83,88.767,88.383,27.82
5.89,6.72,89.089,88.74,27.57
5.93,6.79,88.003,87.613,27.62
5.83,6.67,88.389,88.054,27.85
5.93,6.76,88.15,87.86,28.19
5.93,6.74,87.395,87.026,28.24
5.92,6.7,86.551,86.311,28.1
5.92,6.69,86.968,86.728,27.02
5.86,6.65,86.175,86.011,27.28
5.75,6.55,86.619,86.412,27.95
,,86.943,86.708,
5.81,6.58,88.804,88.698,28.18
5.67,6.41,87.936,87.888,28.27
5.64,6.41,86.976,86.813,28.34
,,87.594,87.632,
5.65,6.4,86.412,86.307,28.91
5.77,6.5,87.046,87.003,30.04
5.93,6.7,86.765,86.144,30.07
6.18,6.96,89.363,88.717,31.0
6.26,7.03,90.361,89.892,31.12
6.51,7.25,88.336,87.815,30.86
6.37,7.11,87.328,86.872,30.63
6.6,7.28,87.72,87.363,29.15
6.48,7.1,87.009,86.546,29.45
6.49,7.11,86.81,86.381,28.12
6.45,7.08,,,28.07
6.49,7.12,89.543,89.224,28.69
6.48,7.15,94.345,94.004,28.21
6.62,7.26,94.563,94.208,27.55
6.79,7.5,95.053,94.628,27.09
,,94.97,94.714,
6.62,7.3,95.862,95.398,27.0
6.56,7.22,91.54,90.947,27.38
6.46,7.14,93.155,92.66,27.76
6.32,7.01,91.787,91.368,26.69
6.33,6.99,95.068,94.654,27.53
6.22,6.89,96.376,95.956,28.66
6.2,6.88,103.504,102.944,28.85
6.32,6.99,103.119,102.682,28.82
6.31,6.98,104.9,104.441,29.02
6.38,7.03,104.646,104.226,28.11
6.46,7.11,104.176,103.77,27.54
6.39,7.09,104.769,104.324,27.8
6.43,7.12,104.795,104.438,28.08
6.52,7.19,105.206,104.752,28.44
,,106.095,105.535,
6.63,7.3,106.416,105.931,29.59
6.63,7.27,105.86,105.291,29.27
6.72,7.37,105.057,104.441,27.33
6.92,7.57,103.244,102.713,21.45
6.81,7.5,103.543,103.006,24.06
7.0,7.69,104.759,104.191,24.4
7.17,7.84,101.568,100.798,23.19
7.22,7.85,101.843,101.096,22.24
7.37,7.97,104.076,103.483,22.0
7.49,8.12,103.792,103.224,21.99
7.77,8.42,101.336,100.571,21.19
7.17,7.84,102.455,101.697,22.22
6.95,7.59,105.427,104.854,22.39
7.27,7.86,101.209,100.375,21.1
7.38,8.03,102.635,102.018,21.59
7.42,8.02,102.752,101.81,22.34
7.35,7.88,105.739,105.027,23.29
7.44,8.02,103.096,102.5,23.17
7.4,7.96,103.324,102.722,23.65
7.37,7.88,104.626,104.194,23.28
7.4,7.91,104.554,104.111,24.08
7.37,7.86,101.811,101.067,23.24
7.59,8.08,102.16,101.348,24.0
7.73,8.22,101.929,101.535,23.52
7.91,8.43,102.648,102.066,22.8
8.15,8.7,102.253,101.627,22.82
8.05,8.67,102.218,101.623,23.2
8.11,8.69,101.778,101.237,23.46
8.26,8.83,102.797,102.29,23.83
8.07,8.69,102.777,102.324,23.83
8.06,8.7,103.432,103.126,24.1
8.2,8.79,106.888,106.489,23.89
8.16,8.78,111.278,110.948,24.04
8.23,8.85,111.238,110.463,24.02
8.38,8.99,112.484,111.952,24.0
8.11,8.75,113.272,112.521,23.7
8.28,8.93,114.294,113.534,23.65
8.28,8.9,112.739,112.231,23.89
8.39,9.02,113.364,112.721,23.97
8.3,8.95,112.742,112.095,24.35
8.17,8.84,114.833,114.263,23.09
7.96,8.6,114.888,114.138,22.95
7.87,8.49,115.12,114.488,24.28
7.98,8.63,114.682,113.951,23.82
,,114.665,113.917,
7.77,8.42,113.396,112.626,23.71
7.69,8.34,115.765,114.997,23.69
7.69,8.32,116.337,115.497,23.78
7.76,8.39,115.356,114.549,23.1
7.71,8.37,118.996,117.952,23.94
7.68,8.34,121.494,119.638,23.62
7.76,8.41,120.506,117.675,23.62
7.86,8.5,119.759,117.154,23.43
8.05,8.66,117.713,115.342,22.89
7.95,8.56,117.837,115.739,23.83
8.03,8.65,119.068,116.867,23.5
8.07,8.64,119.935,117.596,24.38
8.16,8.71,117.083,114.588,24.7
8.04,8.66,115.438,113.503,25.15
8.27,8.86,111.954,110.013,24.78
8.24,8.83,113.098,111.452,24.99
8.27,8.85,115.808,113.919,26.28
8.19,8.77,116.071,114.446,26.66
8.29,8.86,115.172,113.124,26.35
8.34,8.92,115.436,113.575,26.15
8.23,8.82,117.805,115.348,25.93
8.18,8.76,117.255,114.707,25.95
8.27,8.86,120.334,118.052,26.39
8.15,8.76,120.454,118.143,25.84
8.06,8.68,121.677,119.016,26.09
7.89,8.52,120.126,118.134,25.91
7.79,8.43,120.578,117.843,26.99
7.88,8.47,,,26.87
7.92,8.44,121.491,119.059,27.29
7.8,8.34,121.064,118.53,28.06
,,120.231,117.379,
7.7,8.24,122.588,119.679,28.5
7.79,8.32,123.305,120.115,28.29
7.76,8.3,124.143,119.922,28.66
7.84,8.33,124.57,120.397,28.66
7.94,8.42,126.08,121.757,28.68
8.05,8.53,125.696,121.51,28.57
8.0,8.48,126.352,122.446,28.75
7.97,8.4,126.033,121.42,29.03
7.99,8.43,125.696,120.773,29.14
8.14,8.56,126.371,121.744,28.13
8.35,8.82,125.568,120.111,28.32
8.19,8.64,126.455,121.813,28.95
8.23,8.67,126.999,122.331,29.1
8.25,8.63,126.462,122.127,29.3
8.15,8.53,127.282,122.5,29.65
8.16,8.56,126.995,122.509,29.1
7.98,8.44,126.819,122.536,29.05
7.95,8.4,126.018,122.273,29.18
8.07,8.49,125.316,122.09,29.43
8.17,8.61,126.369,122.444,29.06
8.15,8.6,128.719,125.258,29.18
8.23,8.67,,,28.85
8.35,8.77,129.771,126.19,27.67
8.24,8.67,130.078,126.474,28.05
8.3,8.7,129.177,125.044,27.49
,,129.575,125.518,
8.37,8.77,130.564,126.976,27.73
8.43,8.85,130.994,127.342,27.9
8.26,8.66,132.083,128.237,27.67
8.28,8.67,131.267,127.005,27.08
8.18,8.6,131.846,126.97,26.68
8.17,8.6,129.254,124.578,26.24
8.09,8.56,131.102,126.21,26.59
8.12,8.57,132.601,127.549,26.96
8.11,8.55,133.329,128.421,26.9
8.34,8.73,137.816,133.015,26.74
8.35,8.7,139.645,134.035,27.47
8.42,8.76,136.796,131.9,27.15
8.45,8.76,136.382,136.094,27.71
8.36,8.72,136.541,135.778,27.81
8.7,9.04,135.221,134.727,26.91
8.77,9.08,135.99,134.855,26.41
8.79,9.11,136.28,135.63,26.85
8.78,9.1,136.029,135.126,26.28
9.08,9.39,136.94,136.252,28.35
9.05,9.4,137.036,135.739,28.39
9.12,9.51,138.002,136.913,28.19
9.02,9.43,138.097,136.807,28.28
9.08,9.48,137.69,136.279,28.67
9.24,9.63,138.39,137.194,29.1
9.4,9.82,138.406,137.728,29.35
9.58,10.02,138.916,138.31,28.64
9.6,10.03,137.301,136.662,27.03
9.87,10.32,136.57,135.449,26.79
9.72,10.17,136.914,135.68,26.64
9.56,10.0,138.437,137.43,26.6
9.74,10.19,141.099,140.041,27.02
9.59,10.0,142.398,141.262,27.58
9.41,9.79,142.95,142.079,27.73
9.42,9.8,142.123,141.441,27.49
9.35,9.71,144.551,144.004,28.49
9.33,9.72,145.469,144.591,28.3
9.56,9.95,145.462,144.698,27.19
9.56,9.97,145.842,145.216,27.04
9.78,10.2,144.219,143.287,26.6
9.83,10.3,144.775,143.74,26.33
9.8,10.27,,,26.46
,,145.519,144.281,
10.06,10.54,144.884,143.691,24.97
10.27,10.72,144.914,143.541,25.5
10.18,10.58,141.921,140.876,25.34
10.13,10.49,143.465,142.333,26.23
10.04,10.47,143.406,142.545,25.88
10.13,10.55,145.206,144.43,26.33
10.13,10.55,144.373,143.61,26.1
10.21,10.63,141.464,140.8,24.93
10.13,10.54,139.017,138.719,24.65
9.84,10.25,139.647,139.033,25.21
9.8,10.2,140.939,140.284,25.85
9.95,10.35,141.827,141.216,26.84
10.05,10.45,142.633,142.215,26.9
10.16,10.56,141.501,141.072,27.14
10.27,10.67,136.184,135.83,26.96
10.21,10.57,134.521,134.354,27.39
10.28,10.69,133.266,133.676,27.23
10.16,10.55,136.463,136.543,28.0
10.22,10.61,133.765,133.66,28.79
10.27,10.65,136.177,136.023,29.42
10.1,10.5,137.354,137.565,28.64
10.2,10.62,139.186,139.225,28.6
9.99,10.43,140.056,139.786,29.12
10.07,10.51,138.848,138.914,29.32
,,136.713,136.449,
10.01,10.43,137.9,137.582,29.63
10.06,10.46,141.412,141.151,29.68
10.2,10.58,141.675,141.368,29.6
10.27,10.66,142.961,142.778,29.45
10.89,11.19,143.822,143.237,28.01
10.9,11.27,142.415,141.769,28.41
11.49,11.8,142.781,141.886,27.45
11.5,11.81,138.625,137.567,27.18
11.64,11.8,138.773,137.447,29.04
11.92,11.96,139.672,139.309,28.76
11.81,11.9,146.428,146.218,28.69
12.51,12.47,146.129,145.849,28.96
12.2,12.26,148.271,148.046,27.25
12.49,12.53,143.774,143.497,28.0
,,145.863,145.433,
12.03,12.04,146.79,146.598,26.85
12.17,12.19,148.683,148.267,26.0
12.12,12.09,149.241,148.852,25.85
12.16,12.02,149.352,149.031,26.12
11.85,11.72,149.248,148.919,26.64
11.83,11.67,146.626,145.894,26.43
11.79,11.69,146.748,145.767,26.45
11.74,11.64,149.646,148.678,26.99
,,149.388,148.452,
11.83,11.76,149.076,147.876,27.27
11.99,11.9,149.062,148.047,26.58
12.09,11.96,150.709,149.839,26.54
11.93,11.84,149.953,148.927,26.1
12.17,12.01,147.079,146.302,26.36
11.93,11.76,146.757,145.782,27.8
11.83,11.73,146.718,146.12,28.37
11.86,11.81,,,29.62
11.73,11.71,142.806,142.183,28.47
11.59,11.57,146.114,145.531,29.47
11.49,11.38,142.452,141.897,29.43
11.49,11.42,141.618,141.052,29.6
11.26,11.27,143.777,142.966,28.36
10.89,10.96,142.521,142.002,28.76
10.91,10.94,143.796,143.155,28.89
10.86,10.85,148.037,147.27,29.36
10.665,10.68,148.721,148.187,29.35
10.69,10.6,148.106,147.639,29.29
10.425,10.34,148.675,148.002,29.65
10.59,10.49,146.705,145.827,29.47
10.46,10.36,144.971,143.907,29.12
10.54,10.39,147.368,146.441,29.3
10.625,10.49,144.839,144.445,29.69
10.755,10.62,142.803,141.725,28.99
10.505,10.46,142.402,141.607,28.16
10.39,10.35,144.221,143.473,28.2
10.44,10.38,146.949,146.415,28.16
10.58,10.53,147.142,146.916,28.33
10.58,10.53,148.064,147.907,28.75
10.59,10.5,146.448,146.687,28.78
10.69,10.59,146.505,146.655,28.54
10.6,10.61,146.003,146.201,28.45
,,144.68,144.852,
10.82,10.83,145.075,144.992,29.09
11.175,11.115,144.416,144.4,29.2
11.3,11.21,137.654,137.775,28.07
11.33,11.225,137.551,137.748,28.05
11.43,11.315,137.005,137.017,28.18
11.505,11.39,138.574,138.67,28.01
11.525,11.45,140.017,139.736,28.84
11.21,11.19,141.648,141.431,29.72
11.18,11.135,139.131,138.587,30.32
11.225,11.135,139.787,139.481,31.45
11.41,11.41,,,31.5
11.47,11.45,136.291,135.998,31.64
11.26,11.24,135.652,135.117,31.49
11.06,11.095,133.507,133.308,31.72
11.185,11.3,130.092,130.352,31.77
11.095,11.2,130.372,130.804,31.95
11.03,11.17,126.736,126.935,32.99
11.04,11.09,129.24,129.233,33.87
11.315,11.325,129.121,129.005,33.88
11.35,11.325,133.29,133.351,32.54
11.27,11.22,135.699,135.304,32.35
11.1,11.1,137.879,137.644,33.0
10.99,10.98,148.037,148.0,32.52
10.88,10.965,142.651,143.09,32.07
11.085,11.24,143.016,143.293,32.63
10.97,11.115,138.938,139.201,32.15
11.12,11.255,139.213,139.399,31.83
11.19,11.195,141.453,141.592,31.95
11.325,11.3,138.603,138.62,32.44
11.44,11.355,134.13,134.283,33.76
11.485,11.365,135.3,135.526,33.0
11.345,11.225,136.426,136.609,32.48
11.37,11.22,137.488,137.738,32.93
11.455,11.33,132.309,132.539,32.8
11.4,11.31,130.468,130.403,33.0
11.34,11.21,,,33.85
11.4,11.26,129.403,129.814,33.74
11.265,11.17,127.585,127.588,34.22
11.39,11.29,132.674,132.691,33.39
11.425,11.315,134.52,134.46,34.0
,,134.891,135.057,
,,134.168,134.062,
11.535,11.41,134.752,134.572,34.67
11.75,11.5,134.308,133.9,34.24
12.0,11.71,132.122,131.907,34.23
12.255,12.08,126.465,126.379,31.8
12.38,12.26,127.279,127.105,32.46
12.12,12.035,133.866,133.42,32.56
12.275,12.145,132.682,132.43,33.7
12.44,12.21,130.476,129.871,32.49
12.68,12.5,126.741,125.951,31.87
12.43,12.25,129.661,129.198,31.1
12.445,12.25,133.691,133.281,30.83
12.285,12.145,134.601,133.839,30.01
12.07,11.915,136.802,136.126,30.61
12.21,11.98,136.479,136.102,31.76
12.06,11.87,140.278,139.868,31.62
12.065,11.855,138.504,138.276,32.05
11.715,11.555,141.312,141.572,32.42
11.46,11.375,141.522,141.673,32.3
11.41,11.265,141.95,141.456,31.6
11.31,11.21,143.25,142.506,32.3
11.51,11.33,142.645,141.939,32.99
11.42,11.22,139.65,139.068,33.45
11.16,10.98,140.7,140.151,33.01
11.095,10.855,143.642,142.972,32.7
11.335,11.085,141.063,140.591,32.39
11.44,11.205,137.176,136.548,32.36
11.53,11.3,136.465,135.889,34.04
11.77,11.5,134.011,133.288,34.21
11.97,11.64,129.796,128.824,33.95
12.0,11.705,128.374,127.715,33.85
12.03,11.72,130.286,129.894,34.57
12.155,11.86,127.253,126.73,31.27
12.05,11.77,127.961,127.677,30.72
12.06,11.8,130.531,130.009,31.65
12.1,11.795,128.246,128.04,31.8
,,124.938,124.815,
12.14,11.98,119.614,119.636,30.56
11.99,11.815,123.25,123.074,30.11
12.14,11.98,119.506,118.65,30.06
12.005,11.87,115.021,114.295,30.06
12.01,11.835,119.412,118.523,30.26
12.03,11.83,114.967,114.11,30.28
12.165,11.985,117.157,116.583,29.98
12.17,12.005,118.13,117.334,30.25
12.05,11.905,122.575,122.261,32.07
12.325,12.19,116.747,116.506,32.01
12.565,12.39,115.66,115.747,33.06
12.42,12.295,113.084,112.511,32.16
12.3,12.185,114.585,114.395,32.44
12.445,12.305,113.961,113.603,33.57
12.52,12.36,113.161,112.844,33.83
12.57,12.33,116.516,116.051,34.27
12.465,12.195,114.792,114.445,34.61
12.41,12.19,116.702,116.473,34.16
12.38,12.17,112.401,111.899,33.6
12.22,11.985,110.746,110.384,34.17
12.09,11.86,109.313,108.908,34.83
12.03,11.775,111.667,111.488,36.2
12.26,12.01,105.926,105.97,31.6
12.28,12.09,105.84,105.805,32.05
12.08,11.91,108.296,107.792,32.13
12.13,11.93,112.799,112.316,30.6
12.385,12.23,,,29.99
12.255,12.12,114.039,113.762,30.06
12.37,12.25,114.137,113.892,30.02
12.455,12.355,117.746,117.622,29.76
12.435,12.31,114.564,114.541,30.28
12.475,12.395,117.011,116.821,30.3
12.66,12.595,117.23,117.149,30.66
12.685,12.6,117.238,117.194,30.51
12.49,12.47,114.918,114.836,30.07
12.495,12.49,111.428,111.162,29.65
12.745,12.74,106.877,106.393,29.27
13.1,13.01,107.194,106.715,29.6
12.75,12.67,110.391,109.765,29.08
,,106.636,106.034,
12.52,12.45,107.866,107.143,27.31
12.465,12.38,,,27.62
12.465,12.395,112.015,111.544,27.07
12.31,12.235,112.034,111.488,26.99
12.225,12.18,112.685,112.242,26.49
12.52,12.46,118.538,117.975,26.29
12.555,12.51,116.622,115.834,27.98
12.875,12.82,112.571,112.008,28.33
12.875,12.775,112.257,111.702,28.08
12.715,12.65,109.372,108.963,27.93
12.63,12.61,109.081,108.738,28.53
12.74,12.69,,,29.14
12.86,12.815,113.887,113.263,28.03
12.89,12.85,115.214,114.572,27.67
12.8,12.73,119.306,118.783,28.48
12.96,12.845,120.169,119.354,28.8
13.22,13.08,116.523,115.677,28.66
13.04,12.91,114.849,114.021,28.23
13.075,12.92,112.187,111.354,28.25
13.19,13.0,111.44,110.367,27.49
13.11,12.945,112.767,111.778,27.96
13.345,13.21,109.91,109.03,28.6
13.445,13.36,114.62,113.81,29.18
13.345,13.295,114.7,113.9,29.17
13.49,13.41,115.04,114.34,29.02
13.265,13.24,108.36,107.9,29.33
13.18,13.14,108.21,107.51,30.7
13.195,13.115,105.44,105.02,31.01
13.065,12.96,113.6,113.06,31.35
12.84,12.76,114.59,114.22,32.29
12.68,12.61,116.64,116.32,34.15
12.56,12.48,115.48,114.86,33.68
12.675,12.635,115.9,115.13,33.83
12.51,12.48,118.78,118.08,33.88
12.1,12.115,118.87,118.19,34.21
12.1,12.005,118.22,117.47,34.87
11.855,11.66,118.14,117.3,36.63
11.91,11.775,117.5,116.63,37.23
11.875,11.715,120.65,119.7,37.11
11.95,11.79,119.82,118.84,36.25
11.79,11.58,122.65,121.68,31.71
11.65,11.395,122.88,122.08,31.72
11.74,11.445,122.72,121.85,31.83
